USE [MAIR_DS40]
GO
SET IDENTITY_INSERT [Auth].[Users] ON 

INSERT [Auth].[Users] ([Id], [UserName], [Name], [Surname], [LastUpdated], [Created]) VALUES (1, N'Admin', N'Admin', N'Admin', CAST(N'2020-03-04T13:47:04.0076813' AS DateTime2), CAST(N'2020-01-10T13:42:42.1529315' AS DateTime2))
INSERT [Auth].[Users] ([Id], [UserName], [Name], [Surname], [LastUpdated], [Created]) VALUES (2, N'Rossi', N'Mario', N'Rossi', CAST(N'0001-01-01T00:00:00.0000000' AS DateTime2), CAST(N'2020-01-10T13:42:42.1529315' AS DateTime2))
INSERT [Auth].[Users] ([Id], [UserName], [Name], [Surname], [LastUpdated], [Created]) VALUES (3, N'Verdi', N'Giuseppe', N'Verdi', CAST(N'0001-01-01T00:00:00.0000000' AS DateTime2), CAST(N'2020-01-10T13:42:42.1529315' AS DateTime2))
INSERT [Auth].[Users] ([Id], [UserName], [Name], [Surname], [LastUpdated], [Created]) VALUES (5, N'SuperUser', N'SuperUser', N'SuperUser', CAST(N'0001-01-01T00:00:00.0000000' AS DateTime2), CAST(N'2020-01-27T14:20:42.9708775' AS DateTime2))
INSERT [Auth].[Users] ([Id], [UserName], [Name], [Surname], [LastUpdated], [Created]) VALUES (6, N'Guest', N'Guest', N'Guest', CAST(N'0001-01-01T00:00:00.0000000' AS DateTime2), CAST(N'2020-01-27T14:20:55.1929317' AS DateTime2))
SET IDENTITY_INSERT [Auth].[Users] OFF
SET IDENTITY_INSERT [Auth].[Roles] ON 

INSERT [Auth].[Roles] ([Id], [Type], [LastUpdated], [Created]) VALUES (1, N'Admin', CAST(N'0001-01-01T00:00:00.0000000' AS DateTime2), CAST(N'2020-01-10T13:42:42.1495148' AS DateTime2))
INSERT [Auth].[Roles] ([Id], [Type], [LastUpdated], [Created]) VALUES (2, N'User', CAST(N'0001-01-01T00:00:00.0000000' AS DateTime2), CAST(N'2020-01-10T13:42:42.1521555' AS DateTime2))
INSERT [Auth].[Roles] ([Id], [Type], [LastUpdated], [Created]) VALUES (3, N'SuperUser', CAST(N'0001-01-01T00:00:00.0000000' AS DateTime2), CAST(N'2020-01-27T14:18:48.3545552' AS DateTime2))
INSERT [Auth].[Roles] ([Id], [Type], [LastUpdated], [Created]) VALUES (4, N'Guest', CAST(N'0001-01-01T00:00:00.0000000' AS DateTime2), CAST(N'2020-01-27T14:18:57.5681836' AS DateTime2))
SET IDENTITY_INSERT [Auth].[Roles] OFF
SET IDENTITY_INSERT [Auth].[UserRoles] ON 

INSERT [Auth].[UserRoles] ([Id], [UserId], [RoleId], [LastUpdated], [Created]) VALUES (1, 1, 1, CAST(N'0001-01-01T00:00:00.0000000' AS DateTime2), CAST(N'2020-01-21T16:06:19.2975520' AS DateTime2))
INSERT [Auth].[UserRoles] ([Id], [UserId], [RoleId], [LastUpdated], [Created]) VALUES (2, 1, 2, CAST(N'0001-01-01T00:00:00.0000000' AS DateTime2), CAST(N'2020-01-21T16:06:26.6833392' AS DateTime2))
INSERT [Auth].[UserRoles] ([Id], [UserId], [RoleId], [LastUpdated], [Created]) VALUES (3, 1, 3, CAST(N'0001-01-01T00:00:00.0000000' AS DateTime2), CAST(N'2020-01-21T16:06:46.5407475' AS DateTime2))
INSERT [Auth].[UserRoles] ([Id], [UserId], [RoleId], [LastUpdated], [Created]) VALUES (5, 2, 2, CAST(N'0001-01-01T00:00:00.0000000' AS DateTime2), CAST(N'2020-01-24T16:39:54.2475132' AS DateTime2))
INSERT [Auth].[UserRoles] ([Id], [UserId], [RoleId], [LastUpdated], [Created]) VALUES (9, 5, 2, CAST(N'0001-01-01T00:00:00.0000000' AS DateTime2), CAST(N'2020-01-27T14:27:41.3704437' AS DateTime2))
INSERT [Auth].[UserRoles] ([Id], [UserId], [RoleId], [LastUpdated], [Created]) VALUES (10, 5, 3, CAST(N'0001-01-01T00:00:00.0000000' AS DateTime2), CAST(N'2020-01-27T14:27:44.5740408' AS DateTime2))
SET IDENTITY_INSERT [Auth].[UserRoles] OFF
SET IDENTITY_INSERT [Auth].[Authentications] ON 

INSERT [Auth].[Authentications] ([Id], [UserId], [Password], [PasswordExpiration], [PasswordExpirationDays], [Enable], [LastUpdated], [Created]) VALUES (1, 1, N'a90071436830469ec57745b621ae32ad', 0, 90, 1, CAST(N'0001-01-01T00:00:00.0000000' AS DateTime2), CAST(N'2020-01-10T13:42:42.1534263' AS DateTime2))
INSERT [Auth].[Authentications] ([Id], [UserId], [Password], [PasswordExpiration], [PasswordExpirationDays], [Enable], [LastUpdated], [Created]) VALUES (2, 2, N'a90071436830469ec57745b621ae32ad', 1, 90, 1, CAST(N'0001-01-01T00:00:00.0000000' AS DateTime2), CAST(N'2020-01-10T13:42:42.1539244' AS DateTime2))
INSERT [Auth].[Authentications] ([Id], [UserId], [Password], [PasswordExpiration], [PasswordExpirationDays], [Enable], [LastUpdated], [Created]) VALUES (3, 3, N'a90071436830469ec57745b621ae32ad', 1, 90, 1, CAST(N'0001-01-01T00:00:00.0000000' AS DateTime2), CAST(N'2020-01-10T13:42:42.1541149' AS DateTime2))
INSERT [Auth].[Authentications] ([Id], [UserId], [Password], [PasswordExpiration], [PasswordExpirationDays], [Enable], [LastUpdated], [Created]) VALUES (7, 5, N'a90071436830469ec57745b621ae32ad', 1, 90, 1, CAST(N'0001-01-01T00:00:00.0000000' AS DateTime2), CAST(N'2020-01-27T14:23:37.4443790' AS DateTime2))
INSERT [Auth].[Authentications] ([Id], [UserId], [Password], [PasswordExpiration], [PasswordExpirationDays], [Enable], [LastUpdated], [Created]) VALUES (8, 6, N'a90071436830469ec57745b621ae32ad', 0, 90, 1, CAST(N'0001-01-01T00:00:00.0000000' AS DateTime2), CAST(N'2020-01-27T14:24:20.7317254' AS DateTime2))
SET IDENTITY_INSERT [Auth].[Authentications] OFF

SET IDENTITY_INSERT [Auth].[RolePaths] ON 
INSERT [Auth].[RolePaths] ([Id], [Name], [UserRoleId], [Description], [Path], [IsEnabled], [LastUpdated], [Created]) VALUES (1, N'All', 1, N'Accesso a tutto', N'/', 1, CAST(N'0001-01-01T00:00:00.0000000' AS DateTime2), CAST(N'2020-01-27T14:24:20.7317254' AS DateTime2))
INSERT [Auth].[RolePaths] ([Id], [Name], [UserRoleId], [Description], [Path], [IsEnabled], [Created], [LastUpdated]) VALUES (1, N'All', 1, N'Accesso a tutto', N'/', 1, CAST(N'2020-01-27T14:24:20.7317254' AS DateTime2), CAST(N'0001-01-01T00:00:00.0000000' AS DateTime2))
INSERT [Auth].[RolePaths] ([Id], [Name], [UserRoleId], [Description], [Path], [IsEnabled], [Created], [LastUpdated]) VALUES (3, N'Home', 4, NULL, N'/Home', 1, CAST(N'2020-04-19T20:08:29.2177780' AS DateTime2), CAST(N'2020-04-19T20:08:29.2177691' AS DateTime2))
INSERT [Auth].[RolePaths] ([Id], [Name], [UserRoleId], [Description], [Path], [IsEnabled], [Created], [LastUpdated]) VALUES (4, N'DashBoard', 4, NULL, N'/DashBoard', 1, CAST(N'2020-04-19T20:08:29.5071687' AS DateTime2), CAST(N'2020-04-19T20:08:29.5071607' AS DateTime2))
INSERT [Auth].[RolePaths] ([Id], [Name], [UserRoleId], [Description], [Path], [IsEnabled], [Created], [LastUpdated]) VALUES (5, N'Downtime', 4, NULL, N'/Downtime', 1, CAST(N'2020-04-19T20:08:29.5543338' AS DateTime2), CAST(N'2020-04-19T20:08:29.5543290' AS DateTime2))
INSERT [Auth].[RolePaths] ([Id], [Name], [UserRoleId], [Description], [Path], [IsEnabled], [Created], [LastUpdated]) VALUES (6, N'Tracking', 4, NULL, N'/Tracking', 1, CAST(N'2020-04-19T20:08:29.5978911' AS DateTime2), CAST(N'2020-04-19T20:08:29.5978858' AS DateTime2))
INSERT [Auth].[RolePaths] ([Id], [Name], [UserRoleId], [Description], [Path], [IsEnabled], [Created], [LastUpdated]) VALUES (7, N'Material Tracking', 4, N'Posizioni fisiche dei tubi con le caratteristiche principali del tubo', N'/Tracking/Material Tracking', 1, CAST(N'2020-04-19T20:08:29.6440556' AS DateTime2), CAST(N'2020-04-19T20:08:29.6440496' AS DateTime2))
INSERT [Auth].[RolePaths] ([Id], [Name], [UserRoleId], [Description], [Path], [IsEnabled], [Created], [LastUpdated]) VALUES (8, N'Event Logger', 4, N'Storia dei tubi e delle lavorazioni fatti su di essi', N'/Tracking/Event Logger', 1, CAST(N'2020-04-19T20:08:29.7057608' AS DateTime2), CAST(N'2020-04-19T20:08:29.7057553' AS DateTime2))
INSERT [Auth].[RolePaths] ([Id], [Name], [UserRoleId], [Description], [Path], [IsEnabled], [Created], [LastUpdated]) VALUES (9, N'Diagnostic', 4, NULL, N'/Diagnostic', 1, CAST(N'2020-04-19T20:08:29.7736896' AS DateTime2), CAST(N'2020-04-19T20:08:29.7736841' AS DateTime2))
INSERT [Auth].[RolePaths] ([Id], [Name], [UserRoleId], [Description], [Path], [IsEnabled], [Created], [LastUpdated]) VALUES (10, N'Manutenzione', 4, NULL, N'/Manutenzione', 1, CAST(N'2020-04-19T20:08:29.8329360' AS DateTime2), CAST(N'2020-04-19T20:08:29.8329237' AS DateTime2))
INSERT [Auth].[RolePaths] ([Id], [Name], [UserRoleId], [Description], [Path], [IsEnabled], [Created], [LastUpdated]) VALUES (11, N'Amministrazione', 4, NULL, N'/Amministrazione', 1, CAST(N'2020-04-19T20:08:29.8903493' AS DateTime2), CAST(N'2020-04-19T20:08:29.8903398' AS DateTime2))
INSERT [Auth].[RolePaths] ([Id], [Name], [UserRoleId], [Description], [Path], [IsEnabled], [Created], [LastUpdated]) VALUES (12, N'Login', 4, NULL, N'/Amministrazione/Login', 1, CAST(N'2020-04-19T20:08:29.9497708' AS DateTime2), CAST(N'2020-04-19T20:08:29.9497613' AS DateTime2))
INSERT [Auth].[RolePaths] ([Id], [Name], [UserRoleId], [Description], [Path], [IsEnabled], [Created], [LastUpdated]) VALUES (13, N'Preferenze', 4, NULL, N'/Amministrazione/Preferenze', 1, CAST(N'2020-04-19T20:08:30.0003114' AS DateTime2), CAST(N'2020-04-19T20:08:30.0003008' AS DateTime2))
INSERT [Auth].[RolePaths] ([Id], [Name], [UserRoleId], [Description], [Path], [IsEnabled], [Created], [LastUpdated]) VALUES (14, N'Gestione Utenti', 4, NULL, N'/Amministrazione/Gestione Utenti', 1, CAST(N'2020-04-19T20:08:30.0491627' AS DateTime2), CAST(N'2020-04-19T20:08:30.0491558' AS DateTime2))
INSERT [Auth].[RolePaths] ([Id], [Name], [UserRoleId], [Description], [Path], [IsEnabled], [Created], [LastUpdated]) VALUES (15, N'Users', 4, NULL, N'/Amministrazione/Gestione Utenti/Users', 1, CAST(N'2020-04-19T20:08:30.0888878' AS DateTime2), CAST(N'2020-04-19T20:08:30.0888810' AS DateTime2))
INSERT [Auth].[RolePaths] ([Id], [Name], [UserRoleId], [Description], [Path], [IsEnabled], [Created], [LastUpdated]) VALUES (16, N'Roles', 4, NULL, N'/Amministrazione/Gestione Utenti/Roles', 1, CAST(N'2020-04-19T20:08:30.1389499' AS DateTime2), CAST(N'2020-04-19T20:08:30.1389430' AS DateTime2))
INSERT [Auth].[RolePaths] ([Id], [Name], [UserRoleId], [Description], [Path], [IsEnabled], [Created], [LastUpdated]) VALUES (17, N'User Roles', 4, NULL, N'/Amministrazione/Gestione Utenti/User Roles', 1, CAST(N'2020-04-19T20:08:30.1889757' AS DateTime2), CAST(N'2020-04-19T20:08:30.1889642' AS DateTime2))
INSERT [Auth].[RolePaths] ([Id], [Name], [UserRoleId], [Description], [Path], [IsEnabled], [Created], [LastUpdated]) VALUES (18, N'Disable Account', 4, NULL, N'/Amministrazione/Gestione Utenti/Disable Account', 1, CAST(N'2020-04-19T20:08:30.2339167' AS DateTime2), CAST(N'2020-04-19T20:08:30.2339113' AS DateTime2))
INSERT [Auth].[RolePaths] ([Id], [Name], [UserRoleId], [Description], [Path], [IsEnabled], [Created], [LastUpdated]) VALUES (19, N'Enable Account', 4, NULL, N'/Amministrazione/Gestione Utenti/Enable Account', 1, CAST(N'2020-04-19T20:08:30.2675743' AS DateTime2), CAST(N'2020-04-19T20:08:30.2675703' AS DateTime2))
INSERT [Auth].[RolePaths] ([Id], [Name], [UserRoleId], [Description], [Path], [IsEnabled], [Created], [LastUpdated]) VALUES (20, N'Remove Account', 4, NULL, N'/Amministrazione/Gestione Utenti/Remove Account', 1, CAST(N'2020-04-19T20:08:30.3040316' AS DateTime2), CAST(N'2020-04-19T20:08:30.3040274' AS DateTime2))
INSERT [Auth].[RolePaths] ([Id], [Name], [UserRoleId], [Description], [Path], [IsEnabled], [Created], [LastUpdated]) VALUES (21, N'Authentications', 4, NULL, N'/Amministrazione/Gestione Utenti/Authentications', 1, CAST(N'2020-04-19T20:08:30.3419982' AS DateTime2), CAST(N'2020-04-19T20:08:30.3419924' AS DateTime2))
INSERT [Auth].[RolePaths] ([Id], [Name], [UserRoleId], [Description], [Path], [IsEnabled], [Created], [LastUpdated]) VALUES (22, N'Create Account', 4, NULL, N'/Amministrazione/Gestione Utenti/Create Account', 1, CAST(N'2020-04-19T20:08:30.3777689' AS DateTime2), CAST(N'2020-04-19T20:08:30.3777657' AS DateTime2))
INSERT [Auth].[RolePaths] ([Id], [Name], [UserRoleId], [Description], [Path], [IsEnabled], [Created], [LastUpdated]) VALUES (23, N'Reset Password', 4, NULL, N'/Amministrazione/Gestione Utenti/Reset Password', 1, CAST(N'2020-04-19T20:08:30.4173920' AS DateTime2), CAST(N'2020-04-19T20:08:30.4173874' AS DateTime2))
INSERT [Auth].[RolePaths] ([Id], [Name], [UserRoleId], [Description], [Path], [IsEnabled], [Created], [LastUpdated]) VALUES (34, N'Role Paths', 4, NULL, N'/Amministrazione/Gestione Utenti/Role Paths', 1, CAST(N'2020-04-19T20:08:30.4173920' AS DateTime2), CAST(N'2020-04-19T20:08:30.4173874' AS DateTime2))
INSERT [Auth].[RolePaths] ([Id], [Name], [UserRoleId], [Description], [Path], [IsEnabled], [Created], [LastUpdated]) VALUES (25, N'Gestione Utenti', 2, NULL, N'/Amministrazione/Gestione Utenti', 1, CAST(N'2020-04-19T20:08:30.0491627' AS DateTime2), CAST(N'2020-04-19T20:08:30.0491558' AS DateTime2))
INSERT [Auth].[RolePaths] ([Id], [Name], [UserRoleId], [Description], [Path], [IsEnabled], [Created], [LastUpdated]) VALUES (26, N'Users', 2, NULL, N'/Amministrazione/Gestione Utenti/Users', 1, CAST(N'2020-04-19T20:08:30.0888878' AS DateTime2), CAST(N'2020-04-19T20:08:30.0888810' AS DateTime2))
INSERT [Auth].[RolePaths] ([Id], [Name], [UserRoleId], [Description], [Path], [IsEnabled], [Created], [LastUpdated]) VALUES (27, N'Roles', 2, NULL, N'/Amministrazione/Gestione Utenti/Roles', 1, CAST(N'2020-04-19T20:08:30.1389499' AS DateTime2), CAST(N'2020-04-19T20:08:30.1389430' AS DateTime2))
INSERT [Auth].[RolePaths] ([Id], [Name], [UserRoleId], [Description], [Path], [IsEnabled], [Created], [LastUpdated]) VALUES (28, N'User Roles', 2, NULL, N'/Amministrazione/Gestione Utenti/User Roles', 1, CAST(N'2020-04-19T20:08:30.1889757' AS DateTime2), CAST(N'2020-04-19T20:08:30.1889642' AS DateTime2))
INSERT [Auth].[RolePaths] ([Id], [Name], [UserRoleId], [Description], [Path], [IsEnabled], [Created], [LastUpdated]) VALUES (29, N'Disable Account', 2, NULL, N'/Amministrazione/Gestione Utenti/Disable Account', 1, CAST(N'2020-04-19T20:08:30.2339167' AS DateTime2), CAST(N'2020-04-19T20:08:30.2339113' AS DateTime2))
INSERT [Auth].[RolePaths] ([Id], [Name], [UserRoleId], [Description], [Path], [IsEnabled], [Created], [LastUpdated]) VALUES (30, N'Enable Account', 2, NULL, N'/Amministrazione/Gestione Utenti/Enable Account', 1, CAST(N'2020-04-19T20:08:30.2675743' AS DateTime2), CAST(N'2020-04-19T20:08:30.2675703' AS DateTime2))
INSERT [Auth].[RolePaths] ([Id], [Name], [UserRoleId], [Description], [Path], [IsEnabled], [Created], [LastUpdated]) VALUES (31, N'Remove Account', 2, NULL, N'/Amministrazione/Gestione Utenti/Remove Account', 1, CAST(N'2020-04-19T20:08:30.3040316' AS DateTime2), CAST(N'2020-04-19T20:08:30.3040274' AS DateTime2))
INSERT [Auth].[RolePaths] ([Id], [Name], [UserRoleId], [Description], [Path], [IsEnabled], [Created], [LastUpdated]) VALUES (32, N'Authentications', 2, NULL, N'/Amministrazione/Gestione Utenti/Authentications', 1, CAST(N'2020-04-19T20:08:30.3419982' AS DateTime2), CAST(N'2020-04-19T20:08:30.3419924' AS DateTime2))
INSERT [Auth].[RolePaths] ([Id], [Name], [UserRoleId], [Description], [Path], [IsEnabled], [Created], [LastUpdated]) VALUES (33, N'Create Account', 2, NULL, N'/Amministrazione/Gestione Utenti/Create Account', 1, CAST(N'2020-04-19T20:08:30.3777689' AS DateTime2), CAST(N'2020-04-19T20:08:30.3777657' AS DateTime2))
INSERT [Auth].[RolePaths] ([Id], [Name], [UserRoleId], [Description], [Path], [IsEnabled], [Created], [LastUpdated]) VALUES (34, N'Reset Password', 2, NULL, N'/Amministrazione/Gestione Utenti/Reset Password', 1, CAST(N'2020-04-19T20:08:30.4173920' AS DateTime2), CAST(N'2020-04-19T20:08:30.4173874' AS DateTime2))
INSERT [Auth].[RolePaths] ([Id], [Name], [UserRoleId], [Description], [Path], [IsEnabled], [Created], [LastUpdated]) VALUES (35, N'Role Paths', 2, NULL, N'/Amministrazione/Gestione Utenti/Role Paths', 1, CAST(N'2020-04-19T20:08:30.4173920' AS DateTime2), CAST(N'2020-04-19T20:08:30.4173874' AS DateTime2))




SET IDENTITY_INSERT [Auth].[RolePaths] OFF
